<edmx:Edmx xmlns:edmx="http://schemas.microsoft.com/ado/2007/06/edmx"
	xmlns:m="http://schemas.microsoft.com/ado/2007/08/dataservices/metadata" xmlns:sap="http://www.sap.com/Protocols/SAPData" Version="1.0">
	<edmx:DataServices m:DataServiceVersion="2.0">
		<Schema xmlns="http://schemas.microsoft.com/ado/2008/09/edm" Namespace="ZFI_FIM_RAC_SRV" xml:lang="en" sap:schema-version="1">
			<EntityType Name="ProdServText" sap:content-version="1">
				<Key><PropertyRef Name="Zprodserv"/></Key><Property Name="Type" Type="Edm.String" Nullable="false" MaxLength="1" sap:unicode="false" sap:label="Message type" sap:creatable="false"
					sap:updatable="false" sap:sortable="false" sap:filterable="false"/><Property Name="Id" Type="Edm.String" Nullable="false" MaxLength="20" sap:unicode="false" sap:label="Message Class" sap:creatable="false"
					sap:updatable="false" sap:sortable="false" sap:filterable="false"/><Property Name="Number" Type="Edm.String" Nullable="false" MaxLength="3" sap:unicode="false" sap:label="Message Number"
					sap:creatable="false" sap:updatable="false" sap:sortable="false" sap:filterable="false"/><Property Name="Message" Type="Edm.String" Nullable="false" MaxLength="220" sap:unicode="false" sap:label="Message text"
					sap:creatable="false" sap:updatable="false" sap:sortable="false" sap:filterable="false"/><Property Name="System" Type="Edm.String" Nullable="false" MaxLength="10" sap:unicode="false" sap:label="Logical system"
					sap:creatable="false" sap:updatable="false" sap:sortable="false" sap:filterable="false"/><Property Name="Zprodserv" Type="Edm.String" Nullable="false" MaxLength="10" sap:unicode="false" sap:label="Product and services"
					sap:creatable="false" sap:updatable="false" sap:sortable="false" sap:filterable="false"/><Property Name="Spras" Type="Edm.String" Nullable="false" MaxLength="1" sap:unicode="false" sap:label="Language" sap:creatable="false"
					sap:updatable="false" sap:sortable="false" sap:filterable="false"/><Property Name="Text" Type="Edm.String" Nullable="false" MaxLength="50" sap:unicode="false" sap:label="Name" sap:creatable="false"
					sap:updatable="false" sap:sortable="false" sap:filterable="false"/></EntityType>
			<EntityType Name="RAC_CodeSearch" sap:content-version="1">
				<Key><PropertyRef Name="Zprodserv"/></Key><Property Name="ImRac" Type="Edm.String" Nullable="false" MaxLength="10" sap:unicode="false" sap:label="Product and services"
					sap:creatable="false" sap:updatable="false" sap:sortable="false" sap:filterable="false"/><Property Name="ImRecycledRac" Type="Edm.String" Nullable="false" MaxLength="1" sap:unicode="false" sap:label="Single-Character Indicator"
					sap:creatable="false" sap:updatable="false" sap:sortable="false" sap:filterable="false"/><Property Name="Type" Type="Edm.String" Nullable="false" MaxLength="1" sap:unicode="false" sap:label="Message type" sap:creatable="false"
					sap:updatable="false" sap:sortable="false" sap:filterable="false"/><Property Name="Id" Type="Edm.String" Nullable="false" MaxLength="20" sap:unicode="false" sap:label="Message Class" sap:creatable="false"
					sap:updatable="false" sap:sortable="false" sap:filterable="false"/><Property Name="Number" Type="Edm.String" Nullable="false" MaxLength="3" sap:unicode="false" sap:label="Message Number"
					sap:creatable="false" sap:updatable="false" sap:sortable="false" sap:filterable="false"/><Property Name="Message" Type="Edm.String" Nullable="false" MaxLength="220" sap:unicode="false" sap:label="Message text"
					sap:creatable="false" sap:updatable="false" sap:sortable="false" sap:filterable="false"/><Property Name="System" Type="Edm.String" Nullable="false" MaxLength="10" sap:unicode="false" sap:label="Logical system"
					sap:creatable="false" sap:updatable="false" sap:sortable="false" sap:filterable="false"/><Property Name="Zprodserv" Type="Edm.String" Nullable="false" MaxLength="10" sap:unicode="false" sap:label="Product and services"
					sap:creatable="false" sap:updatable="false" sap:sortable="false" sap:filterable="false"/><Property Name="Saknr" Type="Edm.String" Nullable="false" MaxLength="10" sap:unicode="false" sap:label="G/L Account" sap:creatable="false"
					sap:updatable="false" sap:sortable="false" sap:filterable="false"/><Property Name="Ktopl" Type="Edm.String" Nullable="false" MaxLength="4" sap:unicode="false" sap:label="Chart of Accts" sap:creatable="false"
					sap:updatable="false" sap:sortable="false" sap:filterable="false"/><Property Name="Zrtc" Type="Edm.String" Nullable="false" MaxLength="2" sap:unicode="false" sap:label="Revenue Type Code"
					sap:creatable="false" sap:updatable="false" sap:sortable="false" sap:filterable="false"/><Property Name="Zcontrib" Type="Edm.String" Nullable="false" MaxLength="2" sap:unicode="false" sap:label="Contribution"
					sap:creatable="false" sap:updatable="false" sap:sortable="false" sap:filterable="false"/></EntityType>
			<EntityType Name="RAC_CodeValid" sap:content-version="1">
				<Key><PropertyRef Name="Oldacct"/></Key><Property Name="Oldacct" Type="Edm.String" Nullable="false" MaxLength="7" sap:unicode="false" sap:label="Old G/L account"
					sap:creatable="false" sap:updatable="false" sap:sortable="false" sap:filterable="false"/><Property Name="Newacct" Type="Edm.String" Nullable="false" MaxLength="10" sap:unicode="false" sap:label="G/L" sap:creatable="false"
					sap:updatable="false" sap:sortable="false" sap:filterable="false"/><Property Name="ConvertFl" Type="Edm.String" Nullable="false" MaxLength="1" sap:unicode="false" sap:label="Convert account flag"
					sap:creatable="false" sap:updatable="false" sap:sortable="false" sap:filterable="false"/><Property Name="Aufnr" Type="Edm.String" Nullable="false" MaxLength="12" sap:unicode="false" sap:label="Order" sap:creatable="false"
					sap:updatable="false" sap:sortable="false" sap:filterable="false"/></EntityType>
			<EntityContainer Name="ZFI_FIM_RAC_SRV_Entities" m:IsDefaultEntityContainer="true" sap:supported-formats="atom json xlsx"><EntitySet Name="ProdServTextSet" EntityType="ZFI_FIM_RAC_SRV.ProdServText" sap:creatable="false" sap:updatable="false"
				sap:deletable="false" sap:pageable="false" sap:content-version="1"/><EntitySet Name="RAC_CodeSearchSet" EntityType="ZFI_FIM_RAC_SRV.RAC_CodeSearch" sap:creatable="false" sap:updatable="false"
				sap:deletable="false" sap:pageable="false" sap:content-version="1"/><EntitySet Name="RAC_CodeValidSet" EntityType="ZFI_FIM_RAC_SRV.RAC_CodeValid" sap:creatable="false" sap:updatable="false"
				sap:deletable="false" sap:pageable="false" sap:content-version="1"/></EntityContainer><atom:link xmlns:atom="http://www.w3.org/2005/Atom" rel="self" href="./sap/ZFI_FIM_RAC_SRV/$metadata"/><atom:link xmlns:atom="http://www.w3.org/2005/Atom" rel="latest-version" href="./sap/ZFI_FIM_RAC_SRV/$metadata"/></Schema>
	</edmx:DataServices>
</edmx:Edmx>