{
    "resources": [
        {
            "name": "manifest-bundle.zip"
        },
        {
            "name": "i18n/i18n_fr.properties",
            "raw": "i18n/i18n.properties"
        },
        {
            "name": "i18n/messageBundle_fr.properties",
            "raw": "messageBundle.properties"
        },
        {
            "name": "i18n/i18n.properties",
            "raw": "i18n/i18n.properties"
        },
        {
            "name": "i18n/messageBundle.properties",
            "raw": "messageBundle.properties"
        },
        {
            "name": "serviceBinding-dbg.js"
        },
        {
            "name": "Util/OdataHelper.js"
        },
        {
            "name": "Util/Constants-dbg.js"
        },
        {
            "name": "Util/OdataHelper-dbg.js"
        },
        {
            "name": "Util/Constants.js"
        },
        {
            "name": "Util/Utility-dbg.js"
        },
        {
            "name": "Util/MyFormatter-dbg.js"
        },
        {
            "name": "Util/MyFormatter.js"
        },
        {
            "name": "Util/Utility.js"
        },
        {
            "name": "di.code-validation.core_issues.json"
        },
        {
            "name": "Component.js"
        },
        {
            "name": "index.html"
        },
        {
            "name": "serviceBinding.js"
        },
        {
            "name": "Component-dbg.js"
        },
        {
            "name": "neo-app.json"
        },
        {
            "name": "resources.json",
            "merged": true
        },
        {
            "name": "Component-preload.js",
            "merged": true
        },
        {
            "name": "resources/sap-ui-version.json"
        },
        {
            "name": ".project.json"
        },
        {
            "name": "view/GLCreate.view.xml"
        },
        {
            "name": "view/RacCancel.view.xml"
        },
        {
            "name": "view/LandingScreen.view.xml"
        },
        {
            "name": "view/Subrequest.view.xml"
        },
        {
            "name": "view/GLExtend.view.xml"
        },
        {
            "name": "view/fragment/TaxCatHelp.fragment.xml"
        },
        {
            "name": "view/fragment/RevTypeCodeHelp.fragment.xml"
        },
        {
            "name": "view/fragment/SearchFSG.fragment.xml"
        },
        {
            "name": "view/fragment/SearchRacAccount.fragment.xml"
        },
        {
            "name": "view/fragment/CreateSubrequest.fragment.xml"
        },
        {
            "name": "view/fragment/SearchGlAccount.fragment.xml"
        },
        {
            "name": "view/fragment/CreateRequest.fragment.xml"
        },
        {
            "name": "view/GLModify.view.xml"
        },
        {
            "name": "view/Request.view.xml"
        },
        {
            "name": "view/GLBlock.view.xml"
        },
        {
            "name": "view/GLCancel.view.xml"
        },
        {
            "name": "view/RacCreate.view.xml"
        },
        {
            "name": "view/RacModify.view.xml"
        },
        {
            "name": "css/style.css"
        },
        {
            "name": "test/testsuite.qunit-dbg.js"
        },
        {
            "name": "test/testsuite.qunit.js"
        },
        {
            "name": "test/testsuite.qunit.html"
        },
        {
            "name": "test/integration/opaTests.qunit.html"
        },
        {
            "name": "test/integration/pages/Root-dbg.js"
        },
        {
            "name": "test/integration/pages/Root.js"
        },
        {
            "name": "test/integration/NavigationJourney.js"
        },
        {
            "name": "test/integration/opaTests.qunit.js"
        },
        {
            "name": "test/integration/AllJourneys.js"
        },
        {
            "name": "test/integration/opaTests.qunit-dbg.js"
        },
        {
            "name": "test/integration/NavigationJourney-dbg.js"
        },
        {
            "name": "test/integration/arrangements/Startup-dbg.js"
        },
        {
            "name": "test/integration/arrangements/Startup.js"
        },
        {
            "name": "test/integration/AllJourneys-dbg.js"
        },
        {
            "name": "test/unit/AllTests.js"
        },
        {
            "name": "test/unit/controller/Root-dbg.controller.js"
        },
        {
            "name": "test/unit/controller/Root.controller.js"
        },
        {
            "name": "test/unit/unitTests.qunit-dbg.js"
        },
        {
            "name": "test/unit/unitTests.qunit.js"
        },
        {
            "name": "test/unit/AllTests-dbg.js"
        },
        {
            "name": "test/unit/unitTests.qunit.html"
        },
        {
            "name": "localService/ZFI_FIM_VALUEHELP_SRV/metadata.xml"
        },
        {
            "name": "localService/metadata.xml"
        },
        {
            "name": "localService/ZFI_FIM_RAC_SRV/metadata.xml"
        },
        {
            "name": "model/models-dbg.js"
        },
        {
            "name": "model/models.js"
        },
        {
            "name": "controller/Subrequest.controller.js"
        },
        {
            "name": "controller/RacCancel.controller.js"
        },
        {
            "name": "controller/LandingScreen-dbg.controller.js"
        },
        {
            "name": "controller/GLCancel.controller.js"
        },
        {
            "name": "controller/GLBlock-dbg.controller.js"
        },
        {
            "name": "controller/RacModify-dbg.controller.js"
        },
        {
            "name": "controller/GLModify.controller.js"
        },
        {
            "name": "controller/GLCancel-dbg.controller.js"
        },
        {
            "name": "controller/BaseController-dbg.js"
        },
        {
            "name": "controller/RacModify.controller.js"
        },
        {
            "name": "controller/BaseController.js"
        },
        {
            "name": "controller/Subrequest-dbg.controller.js"
        },
        {
            "name": "controller/GLCreate-dbg.controller.js"
        },
        {
            "name": "controller/GLBlock.controller.js"
        },
        {
            "name": "controller/Request.controller.js"
        },
        {
            "name": "controller/RacCancel-dbg.controller.js"
        },
        {
            "name": "controller/GLExtend-dbg.controller.js"
        },
        {
            "name": "controller/RacCreate-dbg.controller.js"
        },
        {
            "name": "controller/GLCreate.controller.js"
        },
        {
            "name": "controller/GLModify-dbg.controller.js"
        },
        {
            "name": "controller/LandingScreen.controller.js"
        },
        {
            "name": "controller/RacCreate.controller.js"
        },
        {
            "name": "controller/GLExtend.controller.js"
        },
        {
            "name": "controller/Request-dbg.controller.js"
        },
        {
            "name": "manifest.json"
        }
    ]
}