<edmx:Edmx xmlns:edmx="http://schemas.microsoft.com/ado/2007/06/edmx"
	xmlns:m="http://schemas.microsoft.com/ado/2007/08/dataservices/metadata" xmlns:sap="http://www.sap.com/Protocols/SAPData" Version="1.0">
	<edmx:DataServices m:DataServiceVersion="2.0">
		<Schema xmlns="http://schemas.microsoft.com/ado/2008/09/edm" Namespace="ZFI_FIM_VALUEHELP_SRV" xml:lang="en" sap:schema-version="1">
			<EntityType Name="ChartGroup" sap:content-version="1">
				<Key><PropertyRef Name="ImGl"/></Key><Property Name="ImGl" Type="Edm.String" Nullable="false" MaxLength="10" sap:unicode="false" sap:label="G/L Account" sap:creatable="false"
					sap:updatable="false" sap:sortable="false" sap:filterable="false"/><Property Name="ExGrpCode" Type="Edm.String" Nullable="false" MaxLength="40" sap:unicode="false" sap:label="Grouping code"
					sap:creatable="false" sap:updatable="false" sap:sortable="false" sap:filterable="false"/><Property Name="Type" Type="Edm.String" Nullable="false" MaxLength="1" sap:unicode="false" sap:label="Message type" sap:creatable="false"
					sap:updatable="false" sap:sortable="false" sap:filterable="false"/><Property Name="Id" Type="Edm.String" Nullable="false" MaxLength="20" sap:unicode="false" sap:label="Message Class" sap:creatable="false"
					sap:updatable="false" sap:sortable="false" sap:filterable="false"/><Property Name="Number" Type="Edm.String" Nullable="false" MaxLength="3" sap:unicode="false" sap:label="Message number"
					sap:creatable="false" sap:updatable="false" sap:sortable="false" sap:filterable="false"/><Property Name="Message" Type="Edm.String" Nullable="false" MaxLength="220" sap:unicode="false" sap:label="Message text"
					sap:creatable="false" sap:updatable="false" sap:sortable="false" sap:filterable="false"/><Property Name="System" Type="Edm.String" Nullable="false" MaxLength="10" sap:unicode="false" sap:label="Logical system"
					sap:creatable="false" sap:updatable="false" sap:sortable="false" sap:filterable="false"/></EntityType>
			<EntityType Name="GL_Desc" sap:content-version="1">
				<Key><PropertyRef Name="ImGl"/></Key><Property Name="ImGl" Type="Edm.String" Nullable="false" MaxLength="10" sap:unicode="false" sap:label="G/L Account" sap:creatable="false"
					sap:updatable="false" sap:sortable="false" sap:filterable="false"/><Property Name="ExDesEn" Type="Edm.String" Nullable="false" MaxLength="256" sap:unicode="false" sap:label="Long Text - EN"
					sap:creatable="false" sap:updatable="false" sap:sortable="false" sap:filterable="false"/><Property Name="ExDesFr" Type="Edm.String" Nullable="false" MaxLength="256" sap:unicode="false" sap:label="Long Text - FR"
					sap:creatable="false" sap:updatable="false" sap:sortable="false" sap:filterable="false"/></EntityType>
			<EntityType Name="CompanyCode" sap:content-version="1">
				<Key><PropertyRef Name="CompCode"/></Key><Property Name="CompCode" Type="Edm.String" Nullable="false" MaxLength="4" sap:unicode="false" sap:label="Company Code"
					sap:creatable="false" sap:updatable="false" sap:sortable="false" sap:filterable="false"/><Property Name="NameOfTheCompCode" Type="Edm.String" Nullable="false" MaxLength="25" sap:unicode="false" sap:label="Company Name"
					sap:creatable="false" sap:updatable="false" sap:sortable="false" sap:filterable="false"/></EntityType>
			<EntityType Name="TCompCode" sap:content-version="1">
				<Key><PropertyRef Name="CompCode"/></Key><Property Name="CompCode" Type="Edm.String" Nullable="false" MaxLength="4" sap:unicode="false" sap:label="Company Code"
					sap:creatable="false" sap:updatable="false" sap:sortable="false" sap:filterable="false"/><Property Name="NameOfTheCompCode" Type="Edm.String" Nullable="false" MaxLength="25" sap:unicode="false" sap:label="Company Name"
					sap:creatable="false" sap:updatable="false" sap:sortable="false" sap:filterable="false"/><Property Name="GlCheckbox" Type="Edm.String" Nullable="false" MaxLength="3" sap:unicode="false" sap:label="GL Checkbox"
					sap:creatable="false" sap:updatable="false" sap:sortable="false" sap:filterable="false"/><Property Name="RacCheckbox" Type="Edm.String" Nullable="false" MaxLength="3" sap:unicode="false" sap:label="RAC Checkbox"
					sap:creatable="false" sap:updatable="false" sap:sortable="false" sap:filterable="false"/><Property Name="CostCenterCheckox" Type="Edm.String" Nullable="false" MaxLength="3" sap:unicode="false" sap:label="Cost Center Checkbox"
					sap:creatable="false" sap:updatable="false" sap:sortable="false" sap:filterable="false"/></EntityType>
			<EntityType Name="ProdServ" sap:content-version="1">
				<Key><PropertyRef Name="Zprodserv"/></Key><Property Name="Zprodserv" Type="Edm.String" Nullable="false" MaxLength="10" sap:unicode="false" sap:label="Product and services"
					sap:creatable="false" sap:updatable="false" sap:sortable="false" sap:filterable="false"/><Property Name="Spras" Type="Edm.String" Nullable="false" MaxLength="1" sap:unicode="false" sap:label="Language" sap:creatable="false"
					sap:updatable="false" sap:sortable="false" sap:filterable="false"/><Property Name="Text" Type="Edm.String" Nullable="false" MaxLength="50" sap:unicode="false" sap:label="Name" sap:creatable="false"
					sap:updatable="false" sap:sortable="false" sap:filterable="false"/></EntityType>
			<EntityType Name="RACCodeSearch" sap:content-version="1">
				<Key><PropertyRef Name="Zprodserv"/></Key><Property Name="ImRac" Type="Edm.String" Nullable="false" MaxLength="10" sap:unicode="false" sap:label="Product and services"
					sap:creatable="false" sap:updatable="false" sap:sortable="false" sap:filterable="false"/><Property Name="ImRecycledRac" Type="Edm.String" Nullable="false" MaxLength="1" sap:unicode="false" sap:label="Single-Character Indicator"
					sap:creatable="false" sap:updatable="false" sap:sortable="false" sap:filterable="false"/><Property Name="Type" Type="Edm.String" Nullable="false" MaxLength="1" sap:unicode="false" sap:label="Message type" sap:creatable="false"
					sap:updatable="false" sap:sortable="false" sap:filterable="false"/><Property Name="Id" Type="Edm.String" Nullable="false" MaxLength="20" sap:unicode="false" sap:label="Message Class" sap:creatable="false"
					sap:updatable="false" sap:sortable="false" sap:filterable="false"/><Property Name="Number" Type="Edm.String" Nullable="false" MaxLength="3" sap:unicode="false" sap:label="Message Number"
					sap:creatable="false" sap:updatable="false" sap:sortable="false" sap:filterable="false"/><Property Name="Message" Type="Edm.String" Nullable="false" MaxLength="220" sap:unicode="false" sap:label="Message text"
					sap:creatable="false" sap:updatable="false" sap:sortable="false" sap:filterable="false"/><Property Name="System" Type="Edm.String" Nullable="false" MaxLength="10" sap:unicode="false" sap:label="Logical system"
					sap:creatable="false" sap:updatable="false" sap:sortable="false" sap:filterable="false"/><Property Name="Zprodserv" Type="Edm.String" Nullable="false" MaxLength="10" sap:unicode="false" sap:label="Product and services"
					sap:creatable="false" sap:updatable="false" sap:sortable="false" sap:filterable="false"/><Property Name="Saknr" Type="Edm.String" Nullable="false" MaxLength="10" sap:unicode="false" sap:label="G/L Account" sap:creatable="false"
					sap:updatable="false" sap:sortable="false" sap:filterable="false"/><Property Name="Ktopl" Type="Edm.String" Nullable="false" MaxLength="4" sap:unicode="false" sap:label="Chart of Accts" sap:creatable="false"
					sap:updatable="false" sap:sortable="false" sap:filterable="false"/></EntityType>
			<EntityType Name="RACValid" sap:content-version="1">
				<Key><PropertyRef Name="Oldacct"/></Key><Property Name="ImOldacct" Type="Edm.String" Nullable="false" MaxLength="7" sap:unicode="false" sap:label="Old G/L account"
					sap:creatable="false" sap:updatable="false" sap:sortable="false" sap:filterable="false"/><Property Name="Oldacct" Type="Edm.String" Nullable="false" MaxLength="7" sap:unicode="false" sap:label="Old G/L account"
					sap:creatable="false" sap:updatable="false" sap:sortable="false" sap:filterable="false"/><Property Name="Newacct" Type="Edm.String" Nullable="false" MaxLength="10" sap:unicode="false" sap:label="G/L" sap:creatable="false"
					sap:updatable="false" sap:sortable="false" sap:filterable="false"/><Property Name="Type" Type="Edm.String" Nullable="false" MaxLength="1" sap:unicode="false" sap:label="Message type" sap:creatable="false"
					sap:updatable="false" sap:sortable="false" sap:filterable="false"/><Property Name="Id" Type="Edm.String" Nullable="false" MaxLength="20" sap:unicode="false" sap:label="Message Class" sap:creatable="false"
					sap:updatable="false" sap:sortable="false" sap:filterable="false"/><Property Name="Number" Type="Edm.String" Nullable="false" MaxLength="3" sap:unicode="false" sap:label="Message Number"
					sap:creatable="false" sap:updatable="false" sap:sortable="false" sap:filterable="false"/><Property Name="Message" Type="Edm.String" Nullable="false" MaxLength="220" sap:unicode="false" sap:label="Message text"
					sap:creatable="false" sap:updatable="false" sap:sortable="false" sap:filterable="false"/><Property Name="System" Type="Edm.String" Nullable="false" MaxLength="10" sap:unicode="false" sap:label="Logical system"
					sap:creatable="false" sap:updatable="false" sap:sortable="false" sap:filterable="false"/></EntityType>
			<EntityType Name="RAVType" sap:content-version="1">
				<Key><PropertyRef Name="Zrtc"/></Key><Property Name="Type" Type="Edm.String" Nullable="false" MaxLength="1" sap:unicode="false" sap:label="Message type" sap:creatable="false"
					sap:updatable="false" sap:sortable="false" sap:filterable="false"/><Property Name="Id" Type="Edm.String" Nullable="false" MaxLength="20" sap:unicode="false" sap:label="Message Class" sap:creatable="false"
					sap:updatable="false" sap:sortable="false" sap:filterable="false"/><Property Name="Number" Type="Edm.String" Nullable="false" MaxLength="3" sap:unicode="false" sap:label="Message Number"
					sap:creatable="false" sap:updatable="false" sap:sortable="false" sap:filterable="false"/><Property Name="Message" Type="Edm.String" Nullable="false" MaxLength="220" sap:unicode="false" sap:label="Message text"
					sap:creatable="false" sap:updatable="false" sap:sortable="false" sap:filterable="false"/><Property Name="System" Type="Edm.String" Nullable="false" MaxLength="10" sap:unicode="false" sap:label="Logical system"
					sap:creatable="false" sap:updatable="false" sap:sortable="false" sap:filterable="false"/><Property Name="Zrtc" Type="Edm.String" Nullable="false" MaxLength="2" sap:unicode="false" sap:label="Revenue Type Code"
					sap:creatable="false" sap:updatable="false" sap:sortable="false" sap:filterable="false"/><Property Name="Spras" Type="Edm.String" Nullable="false" MaxLength="1" sap:unicode="false" sap:label="Language" sap:creatable="false"
					sap:updatable="false" sap:sortable="false" sap:filterable="false"/><Property Name="Text" Type="Edm.String" Nullable="false" MaxLength="50" sap:unicode="false" sap:label="Name" sap:creatable="false"
					sap:updatable="false" sap:sortable="false" sap:filterable="false"/></EntityType>
			<EntityType Name="TaxStat" sap:content-version="1">
				<Key><PropertyRef Name="Zcontrib"/></Key><Property Name="Zcontrib" Type="Edm.String" Nullable="false" MaxLength="2" sap:unicode="false" sap:label="Contribution"
					sap:creatable="false" sap:updatable="false" sap:sortable="false" sap:filterable="false"/><Property Name="Spras" Type="Edm.String" Nullable="false" MaxLength="1" sap:unicode="false" sap:label="Language" sap:creatable="false"
					sap:updatable="false" sap:sortable="false" sap:filterable="false"/><Property Name="Text" Type="Edm.String" Nullable="false" MaxLength="50" sap:unicode="false" sap:label="Name" sap:creatable="false"
					sap:updatable="false" sap:sortable="false" sap:filterable="false"/></EntityType>
			<EntityType Name="GLCompCode" sap:content-version="1">
				<Key><PropertyRef Name="GLNum"/><PropertyRef Name="CompCode"/></Key><Property Name="GLNum" Type="Edm.String" Nullable="false" MaxLength="10" sap:unicode="false" sap:label="G/L Account" sap:creatable="false"
					sap:updatable="false" sap:sortable="false" sap:filterable="false"/><Property Name="ExGacc" Type="Edm.String" Nullable="false" MaxLength="10" sap:unicode="false" sap:label="Group account number"
					sap:creatable="false" sap:updatable="false" sap:sortable="false" sap:filterable="false"/><Property Name="ExLgtxt" Type="Edm.String" Nullable="false" MaxLength="50" sap:unicode="false" sap:label="Long Text" sap:creatable="false"
					sap:updatable="false" sap:sortable="false" sap:filterable="false"/><Property Name="ExShtxt" Type="Edm.String" Nullable="false" MaxLength="20" sap:unicode="false" sap:label="Short Text" sap:creatable="false"
					sap:updatable="false" sap:sortable="false" sap:filterable="false"/><Property Name="CompCode" Type="Edm.String" Nullable="false" MaxLength="4" sap:unicode="false" sap:label="Company Code"
					sap:creatable="false" sap:updatable="false" sap:sortable="false" sap:filterable="false"/><Property Name="GLAcc" Type="Edm.String" Nullable="false" MaxLength="10" sap:unicode="false" sap:label="G/L Account" sap:creatable="false"
					sap:updatable="false" sap:sortable="false" sap:filterable="false"/></EntityType>
			<EntityType Name="GLFLDSTGRP" sap:content-version="1">
				<Key><PropertyRef Name="Bukrs"/></Key><Property Name="Bukrs" Type="Edm.String" Nullable="false" MaxLength="4" sap:unicode="false" sap:label="Company Code" sap:creatable="false"
					sap:updatable="false" sap:sortable="false" sap:filterable="false"/><Property Name="Fstag" Type="Edm.String" Nullable="false" MaxLength="4" sap:unicode="false" sap:label="Field status gp"
					sap:creatable="false" sap:updatable="false" sap:sortable="false" sap:filterable="false"/></EntityType>
			<EntityType Name="BUList" sap:content-version="1">
				<Key><PropertyRef Name="BusinessUnit"/></Key><Property Name="BusinessUnit" Type="Edm.String" Nullable="false" MaxLength="40" sap:unicode="false" sap:label="Business Unit"
					sap:creatable="false" sap:updatable="false" sap:sortable="false" sap:filterable="false"/><Property Name="BuName" Type="Edm.String" Nullable="false" MaxLength="40" sap:unicode="false" sap:label="BU Name" sap:creatable="false"
					sap:updatable="false" sap:sortable="false" sap:filterable="false"/><Property Name="GateKeeperApprover" Type="Edm.String" Nullable="false" MaxLength="30" sap:unicode="false" sap:label="Name"
					sap:creatable="false" sap:updatable="false" sap:sortable="false" sap:filterable="false"/><Property Name="EmailIdOfGateKeeperApprov" Type="Edm.String" Nullable="false" MaxLength="241" sap:unicode="false" sap:label="E-Mail Address"
					sap:creatable="false" sap:updatable="false" sap:sortable="false" sap:filterable="false"/></EntityType>
			<EntityType Name="TaxCat" sap:content-version="1">
				<Key><PropertyRef Name="TaxCategory"/></Key><Property Name="TaxCategory" Type="Edm.String" Nullable="false" MaxLength="2" sap:unicode="false" sap:label="Tax Category"
					sap:creatable="false" sap:updatable="false" sap:sortable="false" sap:filterable="false"/><Property Name="TaxCategoryDesc" Type="Edm.String" Nullable="false" MaxLength="50" sap:unicode="false" sap:label="Text"
					sap:creatable="false" sap:updatable="false" sap:sortable="false" sap:filterable="false"/></EntityType>
			<EntityType Name="SortingKey" sap:content-version="1">
				<Key><PropertyRef Name="SortKey"/></Key><Property Name="SortKey" Type="Edm.String" Nullable="false" MaxLength="3" sap:unicode="false" sap:label="Sort key" sap:creatable="false"
					sap:updatable="false" sap:sortable="false" sap:filterable="false"/><Property Name="KeyDesc" Type="Edm.String" Nullable="false" MaxLength="20" sap:unicode="false" sap:label="Key Description"
					sap:creatable="false" sap:updatable="false" sap:sortable="false" sap:filterable="false"/></EntityType>
			<EntityType Name="GLReference" sap:content-version="1">
				<Key><PropertyRef Name="ImCc"/><PropertyRef Name="ImGl"/></Key><Property Name="ImCc" Type="Edm.String" Nullable="false" MaxLength="4" sap:unicode="false" sap:label="Company Code" sap:creatable="false"
					sap:updatable="false" sap:sortable="false" sap:filterable="false"/><Property Name="ImGl" Type="Edm.String" Nullable="false" MaxLength="10" sap:unicode="false" sap:label="G/L Account" sap:creatable="false"
					sap:updatable="false" sap:sortable="false" sap:filterable="false"/><Property Name="ExAcurr" Type="Edm.String" Nullable="false" MaxLength="5" sap:unicode="false" sap:label="Acct currency"
					sap:creatable="false" sap:updatable="false" sap:sortable="false" sap:filterable="false"/><Property Name="ExAltacc" Type="Edm.String" Nullable="false" MaxLength="10" sap:unicode="false" sap:label="Altern. account"
					sap:creatable="false" sap:updatable="false" sap:sortable="false" sap:filterable="false"/><Property Name="ExFdlev" Type="Edm.String" Nullable="false" MaxLength="2" sap:unicode="false" sap:label="Planning level"
					sap:creatable="false" sap:updatable="false" sap:sortable="false" sap:filterable="false"/><Property Name="ExFstag" Type="Edm.String" Nullable="false" MaxLength="4" sap:unicode="false" sap:label="Field status gp"
					sap:creatable="false" sap:updatable="false" sap:sortable="false" sap:filterable="false"/><Property Name="ExHbkid" Type="Edm.String" Nullable="false" MaxLength="5" sap:unicode="false" sap:label="House Bank" sap:creatable="false"
					sap:updatable="false" sap:sortable="false" sap:filterable="false"/><Property Name="ExHktid" Type="Edm.String" Nullable="false" MaxLength="5" sap:unicode="false" sap:label="Account ID" sap:creatable="false"
					sap:updatable="false" sap:sortable="false" sap:filterable="false"/><Property Name="ExOpitm" Type="Edm.String" Nullable="false" MaxLength="1" sap:unicode="false" sap:label="OI Management"
					sap:creatable="false" sap:updatable="false" sap:sortable="false" sap:filterable="false"/><Property Name="ExRecon" Type="Edm.String" Nullable="false" MaxLength="1" sap:unicode="false" sap:label="Reconcil.ID" sap:creatable="false"
					sap:updatable="false" sap:sortable="false" sap:filterable="false"/><Property Name="ExTaxcat" Type="Edm.String" Nullable="false" MaxLength="2" sap:unicode="false" sap:label="Tax category"
					sap:creatable="false" sap:updatable="false" sap:sortable="false" sap:filterable="false"/><Property Name="ExXgkon" Type="Edm.String" Nullable="false" MaxLength="1" sap:unicode="false" sap:label="Rel.cash flow"
					sap:creatable="false" sap:updatable="false" sap:sortable="false" sap:filterable="false"/><Property Name="ExZinrt" Type="Edm.String" Nullable="false" MaxLength="2" sap:unicode="false" sap:label="Int.calc.freq."
					sap:creatable="false" sap:updatable="false" sap:sortable="false" sap:filterable="false"/><Property Name="ExZuawa" Type="Edm.String" Nullable="false" MaxLength="3" sap:unicode="false" sap:label="Sort key" sap:creatable="false"
					sap:updatable="false" sap:sortable="false" sap:filterable="false"/></EntityType>
			<EntityType Name="GLValidList" sap:content-version="1">
				<Key><PropertyRef Name="ImGlnum"/></Key><Property Name="ImCreate" Type="Edm.String" Nullable="false" MaxLength="1" sap:unicode="false" sap:label="Single-Character Indicator"
					sap:creatable="false" sap:updatable="false" sap:sortable="false" sap:filterable="false"/><Property Name="ImGlnum" Type="Edm.String" Nullable="false" MaxLength="7" sap:unicode="false" sap:label="Character field, length 7"
					sap:creatable="false" sap:updatable="false" sap:sortable="false" sap:filterable="false"/><Property Name="ImModify" Type="Edm.String" Nullable="false" MaxLength="1" sap:unicode="false" sap:label="Single-Character Indicator"
					sap:creatable="false" sap:updatable="false" sap:sortable="false" sap:filterable="false"/><Property Name="ImRgl" Type="Edm.String" Nullable="false" MaxLength="1" sap:unicode="false" sap:label="Single-Character Indicator"
					sap:creatable="false" sap:updatable="false" sap:sortable="false" sap:filterable="false"/><Property Name="Saknr" Type="Edm.String" Nullable="false" MaxLength="10" sap:unicode="false" sap:label="G/L Account" sap:creatable="false"
					sap:updatable="false" sap:sortable="false" sap:filterable="false"/></EntityType>
			<EntityType Name="GLCancel" sap:content-version="1">
				<Key><PropertyRef Name="ImCancel"/><PropertyRef Name="ImSaknr"/></Key><Property Name="ImCancel" Type="Edm.String" Nullable="false" MaxLength="1" sap:unicode="false" sap:label="Single-Character Indicator"
					sap:creatable="false" sap:updatable="false" sap:sortable="false" sap:filterable="false"/><Property Name="ImKtopl" Type="Edm.String" Nullable="false" MaxLength="4" sap:unicode="false" sap:label="Chart of Accts"
					sap:creatable="false" sap:updatable="false" sap:sortable="false" sap:filterable="false"/><Property Name="ImSaknr" Type="Edm.String" Nullable="false" MaxLength="10" sap:unicode="false" sap:label="G/L Account" sap:creatable="false"
					sap:updatable="false" sap:sortable="false" sap:filterable="false"/><Property Name="Type" Type="Edm.String" Nullable="false" MaxLength="1" sap:unicode="false" sap:label="Message type" sap:creatable="false"
					sap:updatable="false" sap:sortable="false" sap:filterable="false"/><Property Name="Id" Type="Edm.String" Nullable="false" MaxLength="20" sap:unicode="false" sap:label="Message Class" sap:creatable="false"
					sap:updatable="false" sap:sortable="false" sap:filterable="false"/><Property Name="Number" Type="Edm.String" Nullable="false" MaxLength="3" sap:unicode="false" sap:label="Message Number"
					sap:creatable="false" sap:updatable="false" sap:sortable="false" sap:filterable="false"/><Property Name="Message" Type="Edm.String" Nullable="false" MaxLength="220" sap:unicode="false" sap:label="Message text"
					sap:creatable="false" sap:updatable="false" sap:sortable="false" sap:filterable="false"/><Property Name="System" Type="Edm.String" Nullable="false" MaxLength="10" sap:unicode="false" sap:label="Logical system"
					sap:creatable="false" sap:updatable="false" sap:sortable="false" sap:filterable="false"/><Property Name="ExXspea" Type="Edm.String" Nullable="false" MaxLength="1" sap:unicode="false" sap:label="Single-Character Indicator"
					sap:creatable="false" sap:updatable="false" sap:sortable="false" sap:filterable="false"/><Property Name="ExXspeb" Type="Edm.String" Nullable="false" MaxLength="1" sap:unicode="false" sap:label="Single-Character Indicator"
					sap:creatable="false" sap:updatable="false" sap:sortable="false" sap:filterable="false"/><Property Name="ExXspep" Type="Edm.String" Nullable="false" MaxLength="1" sap:unicode="false" sap:label="Single-Character Indicator"
					sap:creatable="false" sap:updatable="false" sap:sortable="false" sap:filterable="false"/></EntityType>
			<EntityType Name="GLBlock" sap:content-version="1">
				<Key><PropertyRef Name="ImBlk"/><PropertyRef Name="ImSaknr"/><PropertyRef Name="Bukrs"/></Key><Property Name="ImBlk" Type="Edm.String" Nullable="false" MaxLength="1" sap:unicode="false" sap:label="Single-Character Indicator"
					sap:creatable="false" sap:updatable="false" sap:sortable="false" sap:filterable="false"/><Property Name="ImSaknr" Type="Edm.String" Nullable="false" MaxLength="10" sap:unicode="false" sap:label="G/L Account" sap:creatable="false"
					sap:updatable="false" sap:sortable="false" sap:filterable="false"/><Property Name="Type" Type="Edm.String" Nullable="false" MaxLength="1" sap:unicode="false" sap:label="Message type" sap:creatable="false"
					sap:updatable="false" sap:sortable="false" sap:filterable="false"/><Property Name="Id" Type="Edm.String" Nullable="false" MaxLength="20" sap:unicode="false" sap:label="Message Class" sap:creatable="false"
					sap:updatable="false" sap:sortable="false" sap:filterable="false"/><Property Name="Number" Type="Edm.String" Nullable="false" MaxLength="3" sap:unicode="false" sap:label="Message Number"
					sap:creatable="false" sap:updatable="false" sap:sortable="false" sap:filterable="false"/><Property Name="Message" Type="Edm.String" Nullable="false" MaxLength="220" sap:unicode="false" sap:label="Message text"
					sap:creatable="false" sap:updatable="false" sap:sortable="false" sap:filterable="false"/><Property Name="System" Type="Edm.String" Nullable="false" MaxLength="10" sap:unicode="false" sap:label="Logical system"
					sap:creatable="false" sap:updatable="false" sap:sortable="false" sap:filterable="false"/><Property Name="Bukrs" Type="Edm.String" Nullable="false" MaxLength="4" sap:unicode="false" sap:label="Company Code" sap:creatable="false"
					sap:updatable="false" sap:sortable="false" sap:filterable="false"/><Property Name="Saknr" Type="Edm.String" Nullable="false" MaxLength="10" sap:unicode="false" sap:label="G/L Account" sap:creatable="false"
					sap:updatable="false" sap:sortable="false" sap:filterable="false"/><Property Name="Xspeb" Type="Edm.String" Nullable="false" MaxLength="1" sap:unicode="false" sap:label="Posting Block" sap:creatable="false"
					sap:updatable="false" sap:sortable="false" sap:filterable="false"/></EntityType>
			<EntityType Name="GLRev" sap:content-version="1">
				<Key><PropertyRef Name="ImRac"/></Key><Property Name="ImRac" Type="Edm.String" Nullable="false" MaxLength="7" sap:unicode="false" sap:label="Character field, length 7"
					sap:creatable="false" sap:updatable="false" sap:sortable="false" sap:filterable="false"/><Property Name="ExRevgl" Type="Edm.String" Nullable="false" MaxLength="10" sap:unicode="false" sap:label="G/L" sap:creatable="false"
					sap:updatable="false" sap:sortable="false" sap:filterable="false"/></EntityType>
			<EntityContainer Name="ZFI_FIM_VALUEHELP_SRV_Entities" m:IsDefaultEntityContainer="true" sap:supported-formats="atom json xlsx"><EntitySet Name="ChartGroupSet" EntityType="ZFI_FIM_VALUEHELP_SRV.ChartGroup" sap:creatable="false" sap:updatable="false"
				sap:deletable="false" sap:pageable="false" sap:content-version="1"/><EntitySet Name="GL_DescSet" EntityType="ZFI_FIM_VALUEHELP_SRV.GL_Desc" sap:creatable="false" sap:updatable="false" sap:deletable="false"
				sap:pageable="false" sap:content-version="1"/><EntitySet Name="CompanyCodeSet" EntityType="ZFI_FIM_VALUEHELP_SRV.CompanyCode" sap:creatable="false" sap:updatable="false"
				sap:deletable="false" sap:pageable="false" sap:content-version="1"/><EntitySet Name="TCompCodeSet" EntityType="ZFI_FIM_VALUEHELP_SRV.TCompCode" sap:creatable="false" sap:updatable="false"
				sap:deletable="false" sap:pageable="false" sap:content-version="1"/><EntitySet Name="ProdServSet" EntityType="ZFI_FIM_VALUEHELP_SRV.ProdServ" sap:creatable="false" sap:updatable="false" sap:deletable="false"
				sap:pageable="false" sap:content-version="1"/><EntitySet Name="RACCodeSearchSet" EntityType="ZFI_FIM_VALUEHELP_SRV.RACCodeSearch" sap:creatable="false" sap:updatable="false"
				sap:deletable="false" sap:pageable="false" sap:content-version="1"/><EntitySet Name="RACValidSet" EntityType="ZFI_FIM_VALUEHELP_SRV.RACValid" sap:creatable="false" sap:updatable="false" sap:deletable="false"
				sap:pageable="false" sap:content-version="1"/><EntitySet Name="RAVTypeSet" EntityType="ZFI_FIM_VALUEHELP_SRV.RAVType" sap:creatable="false" sap:updatable="false" sap:deletable="false"
				sap:pageable="false" sap:content-version="1"/><EntitySet Name="TaxStatSet" EntityType="ZFI_FIM_VALUEHELP_SRV.TaxStat" sap:creatable="false" sap:updatable="false" sap:deletable="false"
				sap:pageable="false" sap:content-version="1"/><EntitySet Name="GLCompCodeSet" EntityType="ZFI_FIM_VALUEHELP_SRV.GLCompCode" sap:creatable="false" sap:updatable="false"
				sap:deletable="false" sap:pageable="false" sap:content-version="1"/><EntitySet Name="GLFLDSTGRPSet" EntityType="ZFI_FIM_VALUEHELP_SRV.GLFLDSTGRP" sap:creatable="false" sap:updatable="false"
				sap:deletable="false" sap:pageable="false" sap:content-version="1"/><EntitySet Name="BUListSet" EntityType="ZFI_FIM_VALUEHELP_SRV.BUList" sap:creatable="false" sap:updatable="false" sap:deletable="false"
				sap:pageable="false" sap:content-version="1"/><EntitySet Name="TaxCatSet" EntityType="ZFI_FIM_VALUEHELP_SRV.TaxCat" sap:creatable="false" sap:updatable="false" sap:deletable="false"
				sap:pageable="false" sap:content-version="1"/><EntitySet Name="SortingKeySet" EntityType="ZFI_FIM_VALUEHELP_SRV.SortingKey" sap:creatable="false" sap:updatable="false"
				sap:deletable="false" sap:pageable="false" sap:content-version="1"/><EntitySet Name="GLReferenceSet" EntityType="ZFI_FIM_VALUEHELP_SRV.GLReference" sap:creatable="false" sap:updatable="false"
				sap:deletable="false" sap:pageable="false" sap:content-version="1"/><EntitySet Name="GLValidListSet" EntityType="ZFI_FIM_VALUEHELP_SRV.GLValidList" sap:creatable="false" sap:updatable="false"
				sap:deletable="false" sap:pageable="false" sap:content-version="1"/><EntitySet Name="GLCancelSet" EntityType="ZFI_FIM_VALUEHELP_SRV.GLCancel" sap:creatable="false" sap:updatable="false" sap:deletable="false"
				sap:pageable="false" sap:content-version="1"/><EntitySet Name="GLBlockSet" EntityType="ZFI_FIM_VALUEHELP_SRV.GLBlock" sap:creatable="false" sap:updatable="false" sap:deletable="false"
				sap:pageable="false" sap:content-version="1"/><EntitySet Name="GLRevSet" EntityType="ZFI_FIM_VALUEHELP_SRV.GLRev" sap:creatable="false" sap:updatable="false" sap:deletable="false"
				sap:pageable="false" sap:content-version="1"/></EntityContainer><atom:link xmlns:atom="http://www.w3.org/2005/Atom" rel="self" href="./sap/ZFI_FIM_VALUEHELP_SRV/$metadata"/><atom:link xmlns:atom="http://www.w3.org/2005/Atom" rel="latest-version" href="./sap/ZFI_FIM_VALUEHELP_SRV/$metadata"/></Schema>
	</edmx:DataServices>
</edmx:Edmx>