<edmx:Edmx xmlns:edmx="http://schemas.microsoft.com/ado/2007/06/edmx"
	xmlns:m="http://schemas.microsoft.com/ado/2007/08/dataservices/metadata" xmlns:sap="http://www.sap.com/Protocols/SAPData" Version="1.0">
	<edmx:DataServices m:DataServiceVersion="2.0">
		<Schema xmlns="http://schemas.microsoft.com/ado/2008/09/edm" Namespace="ZFI_FIM_GL_SRV" xml:lang="en" sap:schema-version="1">
			<EntityType Name="Header_CompanyCode" sap:content-version="1">
				<Key><PropertyRef Name="CompCode"/></Key><Property Name="CompCode" Type="Edm.String" Nullable="false" MaxLength="4" sap:unicode="false" sap:label="Company Code"
					sap:creatable="false" sap:updatable="false" sap:sortable="false" sap:filterable="false"/><Property Name="NameOfTheCompCode" Type="Edm.String" Nullable="false" MaxLength="25" sap:unicode="false" sap:label="Company Name"
					sap:creatable="false" sap:updatable="false" sap:sortable="false" sap:filterable="false"/></EntityType>
			<EntityContainer Name="ZFI_FIM_GL_SRV_Entities" m:IsDefaultEntityContainer="true" sap:supported-formats="atom json xlsx"><EntitySet Name="Header_CompanyCodeSet" EntityType="ZFI_FIM_GL_SRV.Header_CompanyCode" sap:creatable="false" sap:updatable="false"
				sap:deletable="false" sap:pageable="false" sap:content-version="1"/></EntityContainer><atom:link xmlns:atom="http://www.w3.org/2005/Atom" rel="self" href="./sap/ZFI_FIM_GL_SRV/$metadata"/><atom:link xmlns:atom="http://www.w3.org/2005/Atom" rel="latest-version" href="./sap/ZFI_FIM_GL_SRV/$metadata"/></Schema>
	</edmx:DataServices>
</edmx:Edmx>