<edmx:Edmx xmlns:edmx="http://schemas.microsoft.com/ado/2007/06/edmx"
	xmlns:m="http://schemas.microsoft.com/ado/2007/08/dataservices/metadata" xmlns:sap="http://www.sap.com/Protocols/SAPData" Version="1.0">
	<edmx:DataServices m:DataServiceVersion="2.0">
		<Schema xmlns="http://schemas.microsoft.com/ado/2008/09/edm" Namespace="ZFI_FIM_COST_CENTER_SRV" xml:lang="en" sap:schema-version="1">
			<EntityType Name="CostCenterHeader" sap:content-version="1">
				<Key><PropertyRef Name="FimReq"/></Key><Property Name="FimReq" Type="Edm.String" Nullable="false" MaxLength="4" sap:unicode="false" sap:label="FIM_REQ" sap:creatable="false"
					sap:updatable="false" sap:sortable="false" sap:filterable="false"/><Property Name="Ernam" Type="Edm.String" Nullable="false" MaxLength="12" sap:unicode="false" sap:label="Created By" sap:creatable="false"
					sap:updatable="false" sap:sortable="false" sap:filterable="false"/><Property Name="Erdat" Type="Edm.DateTime" Nullable="false" Precision="7" sap:unicode="false" sap:label="Created On" sap:creatable="false"
					sap:updatable="false" sap:sortable="false" sap:filterable="false"/><Property Name="Erzet" Type="Edm.Time" Nullable="false" Precision="0" sap:unicode="false" sap:label="Time" sap:creatable="false"
					sap:updatable="false" sap:sortable="false" sap:filterable="false"/><Property Name="Status" Type="Edm.String" Nullable="false" MaxLength="30" sap:unicode="false" sap:label="Status" sap:creatable="false"
					sap:updatable="false" sap:sortable="false" sap:filterable="false"/><Property Name="StatusDtTim" Type="Edm.DateTime" Nullable="false" Precision="0" sap:unicode="false" sap:label="Status Date &amp; Time"
					sap:creatable="false" sap:updatable="false" sap:sortable="false" sap:filterable="false"/><Property Name="CompName" Type="Edm.String" Nullable="false" MaxLength="20" sap:unicode="false" sap:label="Company Name"
					sap:creatable="false" sap:updatable="false" sap:sortable="false" sap:filterable="false"/><Property Name="Dept" Type="Edm.String" Nullable="false" MaxLength="20" sap:unicode="false" sap:label="Department" sap:creatable="false"
					sap:updatable="false" sap:sortable="false" sap:filterable="false"/><Property Name="Effdate" Type="Edm.DateTime" Nullable="false" Precision="7" sap:unicode="false" sap:label="Effective Date"
					sap:creatable="false" sap:updatable="false" sap:sortable="false" sap:filterable="false"/><Property Name="WorkflowId" Type="Edm.String" Nullable="false" MaxLength="12" sap:unicode="false" sap:label="Work Item ID"
					sap:creatable="false" sap:updatable="false" sap:sortable="false" sap:filterable="false"/><Property Name="Zname" Type="Edm.String" Nullable="false" MaxLength="80" sap:unicode="false" sap:label="Full Name" sap:creatable="false"
					sap:updatable="false" sap:sortable="false" sap:filterable="false"/><NavigationProperty Name="CCHeadToItemLandNav" Relationship="ZFI_FIM_COST_CENTER_SRV.CCHeadToItemLandAss"
					FromRole="FromRole_CCHeadToItemLandAss" ToRole="ToRole_CCHeadToItemLandAss"/><NavigationProperty Name="CCHeadToItemNav" Relationship="ZFI_FIM_COST_CENTER_SRV.CCHeadToItemAss" FromRole="FromRole_CCHeadToItemAss"
					ToRole="ToRole_CCHeadToItemAss"/></EntityType>
			<EntityType Name="CostCenterItem" sap:content-version="1">
				<Key><PropertyRef Name="FimReq"/><PropertyRef Name="SubreqNo"/></Key><Property Name="FimReq" Type="Edm.String" Nullable="false" MaxLength="4" sap:unicode="false" sap:label="FIM_REQ" sap:creatable="false"
					sap:updatable="false" sap:sortable="false" sap:filterable="false"/><Property Name="SubreqNo" Type="Edm.String" Nullable="false" MaxLength="4" sap:unicode="false" sap:label="FIM Sub Request num"
					sap:creatable="false" sap:updatable="false" sap:sortable="false" sap:filterable="false"/><Property Name="Actionid" Type="Edm.String" Nullable="false" MaxLength="10" sap:unicode="false" sap:label="Object" sap:creatable="false"
					sap:updatable="false" sap:sortable="false" sap:filterable="false"/><Property Name="CtrlArea" Type="Edm.String" Nullable="false" MaxLength="4" sap:unicode="false" sap:label="CO Area" sap:creatable="false"
					sap:updatable="false" sap:sortable="false" sap:filterable="false"/><Property Name="CostCenter" Type="Edm.String" Nullable="false" MaxLength="10" sap:unicode="false" sap:label="Cost Center"
					sap:creatable="false" sap:updatable="false" sap:sortable="false" sap:filterable="false"/><Property Name="ValidFrom" Type="Edm.DateTime" Nullable="false" Precision="7" sap:unicode="false" sap:label="Valid From"
					sap:creatable="false" sap:updatable="false" sap:sortable="false" sap:filterable="false"/><Property Name="ValidTo" Type="Edm.DateTime" Nullable="false" Precision="7" sap:unicode="false" sap:label="Valid To" sap:creatable="false"
					sap:updatable="false" sap:sortable="false" sap:filterable="false"/><Property Name="CompCode" Type="Edm.String" Nullable="false" MaxLength="4" sap:unicode="false" sap:label="Company Code"
					sap:creatable="false" sap:updatable="false" sap:sortable="false" sap:filterable="false"/><Property Name="BuArea" Type="Edm.String" Nullable="false" MaxLength="4" sap:unicode="false" sap:label="Business Area" sap:creatable="false"
					sap:updatable="false" sap:sortable="false" sap:filterable="false"/><Property Name="PersResp" Type="Edm.String" Nullable="false" MaxLength="20" sap:unicode="false" sap:label="Person Resp."
					sap:creatable="false" sap:updatable="false" sap:sortable="false" sap:filterable="false"/><Property Name="Department" Type="Edm.String" Nullable="false" MaxLength="12" sap:unicode="false" sap:label="Department"
					sap:creatable="false" sap:updatable="false" sap:sortable="false" sap:filterable="false"/><Property Name="CostCategory" Type="Edm.String" Nullable="false" MaxLength="1" sap:unicode="false" sap:label="CCtr Category"
					sap:creatable="false" sap:updatable="false" sap:sortable="false" sap:filterable="false"/><Property Name="HierArea" Type="Edm.String" Nullable="false" MaxLength="12" sap:unicode="false" sap:label="Std. Hierarchy"
					sap:creatable="false" sap:updatable="false" sap:sortable="false" sap:filterable="false"/><Property Name="Biztype" Type="Edm.String" Nullable="false" MaxLength="6" sap:unicode="false" sap:label="BizType" sap:creatable="false"
					sap:updatable="false" sap:sortable="false" sap:filterable="false"/><Property Name="ActPrime" Type="Edm.String" Nullable="false" MaxLength="1" sap:unicode="false" sap:label="Lock Act.PCosts"
					sap:creatable="false" sap:updatable="false" sap:sortable="false" sap:filterable="false"/><Property Name="ActSecond" Type="Edm.String" Nullable="false" MaxLength="1" sap:unicode="false" sap:label="Actl sec. costs"
					sap:creatable="false" sap:updatable="false" sap:sortable="false" sap:filterable="false"/><Property Name="ActRev" Type="Edm.String" Nullable="false" MaxLength="1" sap:unicode="false" sap:label="Lock act. rev."
					sap:creatable="false" sap:updatable="false" sap:sortable="false" sap:filterable="false"/><Property Name="PlanPrime" Type="Edm.String" Nullable="false" MaxLength="1" sap:unicode="false" sap:label="Plan pri. costs"
					sap:creatable="false" sap:updatable="false" sap:sortable="false" sap:filterable="false"/><Property Name="PlanSecond" Type="Edm.String" Nullable="false" MaxLength="1" sap:unicode="false" sap:label="Plan secondary"
					sap:creatable="false" sap:updatable="false" sap:sortable="false" sap:filterable="false"/><Property Name="PlanRev" Type="Edm.String" Nullable="false" MaxLength="1" sap:unicode="false" sap:label="Plan revenues"
					sap:creatable="false" sap:updatable="false" sap:sortable="false" sap:filterable="false"/><Property Name="CommitUpdt" Type="Edm.String" Nullable="false" MaxLength="1" sap:unicode="false" sap:label="Commitment"
					sap:creatable="false" sap:updatable="false" sap:sortable="false" sap:filterable="false"/><Property Name="Explanation" Type="Edm.String" Nullable="false" MaxLength="255" sap:unicode="false" sap:label="Expln" sap:creatable="false"
					sap:updatable="false" sap:sortable="false" sap:filterable="false"/><Property Name="TitleEn" Type="Edm.String" Nullable="false" MaxLength="50" sap:unicode="false" sap:label="Short Text - EN"
					sap:creatable="false" sap:updatable="false" sap:sortable="false" sap:filterable="false"/><Property Name="TitleFr" Type="Edm.String" Nullable="false" MaxLength="50" sap:unicode="false" sap:label="Short Text - FR"
					sap:creatable="false" sap:updatable="false" sap:sortable="false" sap:filterable="false"/><Property Name="LtextEn" Type="Edm.String" Nullable="false" MaxLength="50" sap:unicode="false" sap:label="Long Text EN"
					sap:creatable="false" sap:updatable="false" sap:sortable="false" sap:filterable="false"/><Property Name="LtextFr" Type="Edm.String" Nullable="false" MaxLength="50" sap:unicode="false" sap:label="Long Text Fench"
					sap:creatable="false" sap:updatable="false" sap:sortable="false" sap:filterable="false"/><Property Name="DescEn" Type="Edm.String" Nullable="false" MaxLength="255" sap:unicode="false" sap:label="Description EN"
					sap:creatable="false" sap:updatable="false" sap:sortable="false" sap:filterable="false"/><Property Name="DescFr" Type="Edm.String" Nullable="false" MaxLength="255" sap:unicode="false" sap:label="Description- FR"
					sap:creatable="false" sap:updatable="false" sap:sortable="false" sap:filterable="false"/><Property Name="NotesHier" Type="Edm.String" Nullable="false" MaxLength="255" sap:unicode="false" sap:label="Note on Hierarchy"
					sap:creatable="false" sap:updatable="false" sap:sortable="false" sap:filterable="false"/><Property Name="Notes" Type="Edm.String" Nullable="false" MaxLength="255" sap:unicode="false" sap:label="Notes/Comments"
					sap:creatable="false" sap:updatable="false" sap:sortable="false" sap:filterable="false"/></EntityType>
			<EntityType Name="CostCenterItemLand" sap:content-version="1">
				<Key><PropertyRef Name="FimReq"/><PropertyRef Name="SubreqNo"/></Key><Property Name="FimReq" Type="Edm.String" Nullable="false" MaxLength="4" sap:unicode="false" sap:label="FIM_REQ" sap:creatable="false"
					sap:updatable="false" sap:sortable="false" sap:filterable="false"/><Property Name="SubreqNo" Type="Edm.String" Nullable="false" MaxLength="4" sap:unicode="false" sap:label="FIM Sub Request num"
					sap:creatable="false" sap:updatable="false" sap:sortable="false" sap:filterable="false"/><Property Name="Actionid" Type="Edm.String" Nullable="false" MaxLength="10" sap:unicode="false" sap:label="Object" sap:creatable="false"
					sap:updatable="false" sap:sortable="false" sap:filterable="false"/><Property Name="Erdat" Type="Edm.DateTime" Nullable="false" Precision="7" sap:unicode="false" sap:label="Created On" sap:creatable="false"
					sap:updatable="false" sap:sortable="false" sap:filterable="false"/></EntityType>
			<Association Name="CCHeadToItemAss" sap:content-version="1"><End Type="ZFI_FIM_COST_CENTER_SRV.CostCenterHeader" Multiplicity="1" Role="FromRole_CCHeadToItemAss"/><End Type="ZFI_FIM_COST_CENTER_SRV.CostCenterItem" Multiplicity="*" Role="ToRole_CCHeadToItemAss"/>
				<ReferentialConstraint>
					<Principal Role="FromRole_CCHeadToItemAss"><PropertyRef Name="FimReq"/></Principal>
					<Dependent Role="ToRole_CCHeadToItemAss"><PropertyRef Name="FimReq"/></Dependent>
				</ReferentialConstraint>
			</Association>
			<Association Name="CCHeadToItemLandAss" sap:content-version="1"><End Type="ZFI_FIM_COST_CENTER_SRV.CostCenterHeader" Multiplicity="1" Role="FromRole_CCHeadToItemLandAss"/><End Type="ZFI_FIM_COST_CENTER_SRV.CostCenterItemLand" Multiplicity="*" Role="ToRole_CCHeadToItemLandAss"/>
				<ReferentialConstraint>
					<Principal Role="FromRole_CCHeadToItemLandAss"><PropertyRef Name="FimReq"/></Principal>
					<Dependent Role="ToRole_CCHeadToItemLandAss"><PropertyRef Name="FimReq"/></Dependent>
				</ReferentialConstraint>
			</Association>
			<EntityContainer Name="ZFI_FIM_COST_CENTER_SRV_Entities" m:IsDefaultEntityContainer="true" sap:supported-formats="atom json xlsx"><EntitySet Name="CostCenterHeaderSet" EntityType="ZFI_FIM_COST_CENTER_SRV.CostCenterHeader" sap:creatable="false" sap:updatable="false"
				sap:deletable="false" sap:pageable="false" sap:content-version="1"/><EntitySet Name="CostCenterItemSet" EntityType="ZFI_FIM_COST_CENTER_SRV.CostCenterItem" sap:creatable="false" sap:updatable="false"
				sap:deletable="false" sap:pageable="false" sap:content-version="1"/><EntitySet Name="CostCenterItemLandSet" EntityType="ZFI_FIM_COST_CENTER_SRV.CostCenterItemLand" sap:creatable="false" sap:updatable="false"
				sap:deletable="false" sap:pageable="false" sap:content-version="1"/>
				<AssociationSet Name="CCHeadToItemAssSet" Association="ZFI_FIM_COST_CENTER_SRV.CCHeadToItemAss" sap:creatable="false" sap:updatable="false"
					sap:deletable="false" sap:content-version="1"><End EntitySet="CostCenterHeaderSet" Role="FromRole_CCHeadToItemAss"/><End EntitySet="CostCenterItemSet" Role="ToRole_CCHeadToItemAss"/></AssociationSet>
				<AssociationSet Name="CCHeadToItemLandAssSet" Association="ZFI_FIM_COST_CENTER_SRV.CCHeadToItemLandAss" sap:creatable="false"
					sap:updatable="false" sap:deletable="false" sap:content-version="1"><End EntitySet="CostCenterHeaderSet" Role="FromRole_CCHeadToItemLandAss"/><End EntitySet="CostCenterItemLandSet" Role="ToRole_CCHeadToItemLandAss"/></AssociationSet>
			</EntityContainer><atom:link xmlns:atom="http://www.w3.org/2005/Atom" rel="self" href="./sap/ZFI_FIM_COST_CENTER_SRV/$metadata"/><atom:link xmlns:atom="http://www.w3.org/2005/Atom" rel="latest-version" href="./sap/ZFI_FIM_COST_CENTER_SRV/$metadata"/></Schema>
	</edmx:DataServices>
</edmx:Edmx>